"scenario_id","rep","seed","n","pkg_version","shape","kappa","maturity","injection","truth_A","truth_B","truth_C","event_rate","cens_rate","ibs","eval_weight_unstable","tau_used","km_at_tau","s_true_at_tau","km_bias","pos_covers_truth","pos_interval_lo","pos_interval_hi","pos_interval_width","pos_flag_codes","pos_worst_level","rho_instability","rho_maturity","model_disagreement","ext_perf_level","ext_perf_code","ext_root_codes","eval_flag_codes","overall_level","overall_code","psa_strategy","config_version","error"
"G_crossing_k0.0_m0.8",1,541210979,1000,"0.0.3","crossing",0,0.8,"gauss_copula",FALSE,FALSE,FALSE,0.63,0.37,7615.96604962468,1,7.6056195,0.66528966228561,0.706381936582162,-0.0410922742965523,1,0.635606000966799,0.726561918149334,0.0909559171825352,"","green",0.0189974808238434,0.0934107001554427,0.00211773981109952,"green","ALL_CLEAR","","IPCW_WEIGHT_INSTABILITY","green","ALL_CLEAR","standard_tsd14","0.1.0","none"
"G_crossing_k0.0_m0.8",2,1048163094,1000,"0.0.3","crossing",0,0.8,"gauss_copula",FALSE,FALSE,FALSE,0.59,0.41,1.99106956281444,1,7.455354,0.684780549927193,0.711196796296728,-0.0264162463695349,1,0.659735906047772,0.739987483577739,0.0802515775299674,"","green",0.0370149782747246,0.0903188870636108,0.00420078508403012,"green","ALL_CLEAR","","IPCW_WEIGHT_INSTABILITY","green","ALL_CLEAR","standard_tsd14","0.1.0","none"
"G_crossing_k0.0_m0.8",3,1555115209,1000,"0.0.3","crossing",0,0.8,"gauss_copula",FALSE,FALSE,FALSE,0.626,0.374,5586.47488249386,1,8.8179195,0.663042464709152,0.668783595429995,-0.00574113072084248,1,0.637889955994811,0.720375077369491,0.0824851213746806,"","green",0.0627342315561718,0.0717648108172568,0.00211907596275197,"green","ALL_CLEAR","","IPCW_WEIGHT_INSTABILITY","green","ALL_CLEAR","standard_tsd14","0.1.0","none"
"G_crossing_k0.0_m0.8",4,2062067324,1000,"0.0.3","crossing",0,0.8,"gauss_copula",FALSE,FALSE,FALSE,0.632,0.368,7672.9611354386,1,8.8631635,0.661733270146152,0.667422322512748,-0.00568905236659689,1,0.63421128655063,0.721509219943317,0.0872979333926871,"","green",0.0119511378272461,0.08118421426093,0.00254145010720823,"green","ALL_CLEAR","","IPCW_WEIGHT_INSTABILITY","green","ALL_CLEAR","standard_tsd14","0.1.0","none"
"G_crossing_k0.0_m0.8",5,421535792,1000,"0.0.3","crossing",0,0.8,"gauss_copula",FALSE,FALSE,FALSE,0.594,0.406,7677.19241155476,1,9.0922865,0.679983719074703,0.660573784404982,0.0194099346697216,1,0.653889773546301,0.737509904254832,0.0836201307085312,"","green",0.0652480889161947,0.0817514680312827,0.00281173257060033,"green","ALL_CLEAR","","IPCW_WEIGHT_INSTABILITY","green","ALL_CLEAR","standard_tsd14","0.1.0","none"
"G_crossing_k0.0_m0.8",6,928487907,1000,"0.0.3","crossing",0,0.8,"gauss_copula",FALSE,FALSE,FALSE,0.603,0.397,7503.14698170395,1,8.316934,0.674353521373783,0.684056157589048,-0.00970263621526513,1,0.647148124179538,0.73335717957602,0.0862090553964814,"","green",0.0592208898653461,0.0892973848010756,0.000888320329310995,"green","ALL_CLEAR","","IPCW_WEIGHT_INSTABILITY","green","ALL_CLEAR","standard_tsd14","0.1.0","none"
"G_crossing_k0.0_m0.8",7,1435440022,1000,"0.0.3","crossing",0,0.8,"gauss_copula",FALSE,FALSE,FALSE,0.603,0.397,1.096124477327,1,8.775211,0.673626465310497,0.670071295371584,0.00355516993891336,1,0.648554930679366,0.730223886872932,0.0816689561935657,"","green",0.0580614848970294,0.0701206006671241,0.000878464319042096,"green","ALL_CLEAR","","IPCW_WEIGHT_INSTABILITY","green","ALL_CLEAR","standard_tsd14","0.1.0","none"
"G_crossing_k0.0_m0.8",8,1942392137,1000,"0.0.3","crossing",0,0.8,"gauss_copula",FALSE,FALSE,FALSE,0.614,0.386,9228.02804749441,1,8.886407,0.666178510693012,0.666724134569369,-0.000545623876356482,1,0.641711144270249,0.723678365048505,0.0819672207782559,"","green",0.0729383614208704,0.0767561452642785,0.00244214148037955,"green","ALL_CLEAR","","IPCW_WEIGHT_INSTABILITY","green","ALL_CLEAR","standard_tsd14","0.1.0","none"
"G_crossing_k0.0_m0.8",9,301860605,1000,"0.0.3","crossing",0,0.8,"gauss_copula",FALSE,FALSE,FALSE,0.613,0.387,2.28405371418943,1,8.238376,0.67135921398286,0.686484498646717,-0.0151252846638571,1,0.645888691750969,0.728405459112746,0.0825167673617765,"","green",0.0523090073628745,0.0708847551752204,0.00195889467147278,"green","ALL_CLEAR","","IPCW_WEIGHT_INSTABILITY","green","ALL_CLEAR","standard_tsd14","0.1.0","none"
"G_crossing_k0.0_m0.8",10,1836578679,1000,"0.0.3","crossing",0,0.8,"gauss_copula",FALSE,FALSE,FALSE,0.6,0.4,6960.85282392402,1,8.3250565,0.676461974633634,0.68380560174583,-0.00734362711219572,1,0.651428743441085,0.733206999700968,0.0817782562598824,"","green",0.0747708664625946,0.0824708983247771,0.0016844356940404,"green","ALL_CLEAR","","IPCW_WEIGHT_INSTABILITY","green","ALL_CLEAR","standard_tsd14","0.1.0","none"
"G_crossing_k0.0_m0.8",11,196047147,1000,"0.0.3","crossing",0,0.8,"gauss_copula",FALSE,FALSE,FALSE,0.586,0.414,6451.8625989702,1,8.7503585,0.678397944219928,0.67082183600611,0.00757610821381782,1,0.652869477707882,0.736289103654827,0.0834196259469445,"","green",0.0241074112760893,0.0785623870912655,0.00407737898222972,"green","ALL_CLEAR","","IPCW_WEIGHT_INSTABILITY","green","ALL_CLEAR","standard_tsd14","0.1.0","none"
"G_crossing_k0.0_m0.8",12,702999262,1000,"0.0.3","crossing",0,0.8,"gauss_copula",FALSE,FALSE,FALSE,0.594,0.406,2.50548438349222,1,8.0280355,0.682371529264235,0.693031737213393,-0.0106602079491578,1,0.654803666589405,0.74157243227358,0.0867687656841747,"","green",0.0384882167998225,0.0900023540776775,0.000549133954869656,"green","ALL_CLEAR","","IPCW_WEIGHT_INSTABILITY","green","ALL_CLEAR","standard_tsd14","0.1.0","none"
"G_crossing_k0.0_m0.8",13,1209951377,1000,"0.0.3","crossing",0,0.8,"gauss_copula",FALSE,FALSE,FALSE,0.614,0.386,7881.52928650264,1,8.533594,0.672417369135299,0.677406171091516,-0.00498880195621698,1,0.644432314011231,0.731486140550456,0.0870538265392244,"","green",0.017415008536788,0.0772824193208383,0.000874015916055355,"green","ALL_CLEAR","","IPCW_WEIGHT_INSTABILITY","green","ALL_CLEAR","standard_tsd14","0.1.0","none"
"G_crossing_k0.0_m0.8",14,1716903492,1000,"0.0.3","crossing",0,0.8,"gauss_copula",FALSE,FALSE,FALSE,0.604,0.396,1.66452757328088,1,8.706573,0.676441435182378,0.672146328822842,0.00429510635953645,1,0.650482454466341,0.734228319377118,0.0837458649107767,"","green",0.0680519609362502,0.082441532694697,0.00474582118669738,"green","ALL_CLEAR","","IPCW_WEIGHT_INSTABILITY","green","ALL_CLEAR","standard_tsd14","0.1.0","none"
"G_crossing_k0.0_m0.8",15,76371960,1000,"0.0.3","crossing",0,0.8,"gauss_copula",FALSE,FALSE,FALSE,0.61,0.39,2.10346072281987,1,8.4422755,0.674088675665508,0.68020059436319,-0.00611191869768124,1,0.649953268965419,0.729609160912298,0.0796558919468787,"","green",0.0536342264370044,0.0707217717212948,0.0011597670612522,"green","ALL_CLEAR","","IPCW_WEIGHT_INSTABILITY","green","ALL_CLEAR","standard_tsd14","0.1.0","none"
"G_crossing_k0.0_m0.8",16,583324075,1000,"0.0.3","crossing",0,0.8,"gauss_copula",FALSE,FALSE,FALSE,0.599,0.401,8181.07432630164,1,8.880527,0.676212064330496,0.666900684392638,0.0093113799378578,1,0.650511886065636,0.733701810558468,0.0831899244928319,"","green",0.0185190516553815,0.0689592611071948,0.000748410752311265,"green","ALL_CLEAR","","IPCW_WEIGHT_INSTABILITY","green","ALL_CLEAR","standard_tsd14","0.1.0","none"
"G_crossing_k0.0_m0.8",17,1090276190,1000,"0.0.3","crossing",0,0.8,"gauss_copula",FALSE,FALSE,FALSE,0.609,0.391,7204.84688979641,1,8.553583,0.672322616507431,0.676796123452342,-0.00447350694491166,1,0.646531711783878,0.728747714680535,0.0822160028966573,"","green",0.0535160730433364,0.0712385728822914,0.00292770910706591,"green","ALL_CLEAR","","IPCW_WEIGHT_INSTABILITY","green","ALL_CLEAR","standard_tsd14","0.1.0","none"
"G_crossing_k0.0_m0.8",18,1597228305,1000,"0.0.3","crossing",0,0.8,"gauss_copula",FALSE,FALSE,FALSE,0.623,0.377,2.16768038486214,1,8.319694,0.666651716824123,0.683971008534727,-0.0173192917106046,1,0.637295930933071,0.727116532479081,0.0898206015460101,"","green",0.0227485976605113,0.0809122942298628,0.0021939111970445,"green","ALL_CLEAR","","IPCW_WEIGHT_INSTABILITY","green","ALL_CLEAR","standard_tsd14","0.1.0","none"
"G_crossing_k0.0_m0.8",19,2104180420,1000,"0.0.3","crossing",0,0.8,"gauss_copula",FALSE,FALSE,FALSE,0.574,0.426,8593.47060125317,1,9.4528485,0.686878890910919,0.649947652251335,0.0369312386595844,0,0.662621730509087,0.742250690623149,0.079628960114062,"","green",0.0408377175271964,0.0636643393724943,0.00148605745785908,"green","ALL_CLEAR","","IPCW_WEIGHT_INSTABILITY","green","ALL_CLEAR","standard_tsd14","0.1.0","none"
"G_crossing_k0.0_m0.8",20,463648909,1000,"0.0.3","crossing",0,0.8,"gauss_copula",FALSE,FALSE,FALSE,0.598,0.402,1.58925050647913,1,8.36872,0.670870391805259,0.682460381783803,-0.0115899899785438,1,0.643124122922516,0.729305202319453,0.0861810793969361,"","green",0.0225739269896238,0.0767624921722163,0.0053657705759498,"green","ALL_CLEAR","","IPCW_WEIGHT_INSTABILITY","green","ALL_CLEAR","standard_tsd14","0.1.0","none"
"G_crossing_k0.0_m0.8",21,970601024,1000,"0.0.3","crossing",0,0.8,"gauss_copula",FALSE,FALSE,FALSE,0.584,0.416,1.6919056706025,1,8.9321965,0.683950253726989,0.665350984978623,0.018599268748366,1,0.660506737836437,0.739170277011319,0.0786635391748824,"","green",0.0584026329994472,0.0756549479497201,0.00212927923661896,"green","ALL_CLEAR","","IPCW_WEIGHT_INSTABILITY","green","ALL_CLEAR","standard_tsd14","0.1.0","none"
"G_crossing_k0.0_m0.8",22,1477553139,1000,"0.0.3","crossing",0,0.8,"gauss_copula",FALSE,FALSE,FALSE,0.595,0.405,1.2984678296231,1,9.260664,0.675523400518165,0.655588676853162,0.0199347236650028,1,0.651985337711046,0.729795262844449,0.077809925133403,"","green",0.0200543189885526,0.0539190157850861,0.00295070461129166,"green","ALL_CLEAR","","IPCW_WEIGHT_INSTABILITY","green","ALL_CLEAR","standard_tsd14","0.1.0","none"
"G_crossing_k0.0_m0.8",23,1984505254,1000,"0.0.3","crossing",0,0.8,"gauss_copula",FALSE,FALSE,FALSE,0.589,0.411,1.56470196165018,1,7.928705,0.677493067374829,0.696146670372848,-0.0186536029980188,1,0.648846056823874,0.737115214432805,0.0882691576089306,"","green",0.025928494168829,0.0928798185867095,0.00131282212751844,"green","ALL_CLEAR","","IPCW_WEIGHT_INSTABILITY","green","ALL_CLEAR","standard_tsd14","0.1.0","none"
"G_crossing_k0.0_m0.8",24,343973722,1000,"0.0.3","crossing",0,0.8,"gauss_copula",FALSE,FALSE,FALSE,0.606,0.394,7190.41041364062,1,8.529525,0.677323112963775,0.677530425311411,-0.000207312347636157,1,0.648631250846852,0.737384699122413,0.0887534482755604,"","green",0.00558699543484541,0.0854482668821988,0.00272441281938564,"green","ALL_CLEAR","","IPCW_WEIGHT_INSTABILITY","green","ALL_CLEAR","standard_tsd14","0.1.0","none"
"G_crossing_k0.0_m0.8",25,850925837,1000,"0.0.3","crossing",0,0.8,"gauss_copula",FALSE,FALSE,FALSE,0.62,0.38,1.58264522353919,1,7.5306175,0.669242307107052,0.708780823472614,-0.0395385163655617,1,0.64309708018856,0.7267006104136,0.0836035302250396,"","green",0.0218471600040106,0.0892721708919363,0.00362008756044614,"green","ALL_CLEAR","","IPCW_WEIGHT_INSTABILITY","green","ALL_CLEAR","standard_tsd14","0.1.0","none"
"G_crossing_k0.0_m0.8",26,1357877952,1000,"0.0.3","crossing",0,0.8,"gauss_copula",FALSE,FALSE,FALSE,0.62,0.38,6090.84108780243,1,8.9442715,0.666744621579672,0.664989378309765,0.00175524326990628,1,0.640190210505565,0.724863446859228,0.0846732363536632,"","green",0.0557021699395542,0.0738609017793994,0.0033136110441737,"green","ALL_CLEAR","","IPCW_WEIGHT_INSTABILITY","green","ALL_CLEAR","standard_tsd14","0.1.0","none"
"G_crossing_k0.0_m0.8",27,1864830067,1000,"0.0.3","crossing",0,0.8,"gauss_copula",FALSE,FALSE,FALSE,0.589,0.411,2.098325777539,1,9.439005,0.673182810912044,0.650352255332135,0.022830555579909,1,0.648239814998477,0.730210393049392,0.0819705780509149,"","green",0.0490164064003606,0.0766520817258086,0.00650508088520815,"green","ALL_CLEAR","","IPCW_WEIGHT_INSTABILITY","green","ALL_CLEAR","standard_tsd14","0.1.0","none"
"G_crossing_k0.0_m0.8",28,224298535,1000,"0.0.3","crossing",0,0.8,"gauss_copula",FALSE,FALSE,FALSE,0.596,0.404,6514.19956428473,1,8.750738,0.680384075493928,0.670810368450723,0.00957370704320437,1,0.656275444672548,0.736047178930131,0.0797717342575832,"","green",0.0183842698077616,0.0697460618647418,0.00112217386633482,"green","ALL_CLEAR","","IPCW_WEIGHT_INSTABILITY","green","ALL_CLEAR","standard_tsd14","0.1.0","none"
"G_crossing_k0.0_m0.8",29,731250650,1000,"0.0.3","crossing",0,0.8,"gauss_copula",FALSE,FALSE,FALSE,0.609,0.391,8702.01367268447,1,9.284491,0.668975841945112,0.65488648023548,0.014089361709632,1,0.642641301633039,0.728157238067997,0.0855159364349578,"","green",0.0342020867097692,0.0816737954044386,0.0040896838011809,"green","ALL_CLEAR","","IPCW_WEIGHT_INSTABILITY","green","ALL_CLEAR","standard_tsd14","0.1.0","none"
"G_crossing_k0.0_m0.8",30,1238202786,1000,"0.0.3","crossing",0,0.8,"gauss_copula",FALSE,FALSE,FALSE,0.57,0.43,1.85482706661815,1,9.203674,0.686655959563872,0.657271463199967,0.0293844963639049,0,0.661833471746269,0.742928225996754,0.0810947542504846,"","green",0.0101194071705422,0.0805396829140247,0.00147084902307348,"green","ALL_CLEAR","","IPCW_WEIGHT_INSTABILITY","green","ALL_CLEAR","standard_tsd14","0.1.0","none"
"G_crossing_k0.0_m0.8",31,1745154901,1000,"0.0.3","crossing",0,0.8,"gauss_copula",FALSE,FALSE,FALSE,0.607,0.393,7734.24215252314,1,9.059517,0.669259667920414,0.661548667605361,0.00771100031505345,1,0.644935014582144,0.725147581204018,0.0802125666218737,"","green",0.0620779537875303,0.0744352078249891,0.00335002230506043,"green","ALL_CLEAR","","IPCW_WEIGHT_INSTABILITY","green","ALL_CLEAR","standard_tsd14","0.1.0","none"
"G_crossing_k0.0_m0.8",32,104623369,1000,"0.0.3","crossing",0,0.8,"gauss_copula",FALSE,FALSE,FALSE,0.577,0.423,8343.39389877931,1,9.246653,0.681338008113772,0.656001964236931,0.0253360438768411,1,0.655486124314238,0.738673006900404,0.0831868825861666,"","green",0.0907571403358854,0.0797594894043724,0.00170464116499318,"green","ALL_CLEAR","","IPCW_WEIGHT_INSTABILITY","green","ALL_CLEAR","standard_tsd14","0.1.0","none"
"G_crossing_k0.0_m0.8",33,611575484,1000,"0.0.3","crossing",0,0.8,"gauss_copula",FALSE,FALSE,FALSE,0.631,0.369,6957.99278312875,1,8.803291,0.662421345486903,0.669224360911674,-0.0068030154247708,1,0.635773933962734,0.72066751995875,0.0848935859960157,"","green",0.0526893792460391,0.0686420215900744,0.00262231793867401,"green","ALL_CLEAR","","IPCW_WEIGHT_INSTABILITY","green","ALL_CLEAR","standard_tsd14","0.1.0","none"
"G_crossing_k0.0_m0.8",34,1118527599,1000,"0.0.3","crossing",0,0.8,"gauss_copula",FALSE,FALSE,FALSE,0.606,0.394,6770.25506442252,1,8.6304315,0.672249349596414,0.674456214678513,-0.00220686508209866,1,0.645915018690762,0.730513258788338,0.0845982400975758,"","green",0.054388497585896,0.0771418092823134,0.00239692693373643,"green","ALL_CLEAR","","IPCW_WEIGHT_INSTABILITY","green","ALL_CLEAR","standard_tsd14","0.1.0","none"
"G_crossing_k0.0_m0.8",35,1625479714,1000,"0.0.3","crossing",0,0.8,"gauss_copula",FALSE,FALSE,FALSE,0.617,0.383,1.39771938028209,1,8.387421,0.669433335208146,0.681885088775851,-0.0124517535677049,1,0.642564633475352,0.727694991381005,0.0851303579056529,"","green",0.0145842068977357,0.0725206017296483,0.000854576063427604,"green","ALL_CLEAR","","IPCW_WEIGHT_INSTABILITY","green","ALL_CLEAR","standard_tsd14","0.1.0","none"
"G_crossing_k0.0_m0.8",36,2132431829,1000,"0.0.3","crossing",0,0.8,"gauss_copula",FALSE,FALSE,FALSE,0.595,0.405,5765.86496258018,1,9.04378,0.674453632359503,0.662017383424233,0.0124362489352703,1,0.648233587447509,0.732425690663571,0.0841921032160624,"","green",0.0309586500354522,0.0721233729421624,0.00128779422535144,"green","ALL_CLEAR","","IPCW_WEIGHT_INSTABILITY","green","ALL_CLEAR","standard_tsd14","0.1.0","none"
"G_crossing_k0.0_m0.8",37,491900297,1000,"0.0.3","crossing",0,0.8,"gauss_copula",FALSE,FALSE,FALSE,0.605,0.395,1.42948249031317,1,9.513272,0.667733806510565,0.648184795319869,0.019549011190696,1,0.644995215176277,0.72228467745093,0.0772894622746523,"","green",0.0694216975494431,0.0585395505641246,0.00114079050872283,"green","ALL_CLEAR","","IPCW_WEIGHT_INSTABILITY","green","ALL_CLEAR","standard_tsd14","0.1.0","none"
"G_crossing_k0.0_m0.8",38,998852412,1000,"0.0.3","crossing",0,0.8,"gauss_copula",FALSE,FALSE,FALSE,0.582,0.418,5709.23781423899,1,8.653614,0.681006649984429,0.673752039001471,0.00725461098295754,1,0.654366229334593,0.739152383559749,0.0847861542251561,"","green",0.0634089768016348,0.0809848362480782,0.00442384379141292,"green","ALL_CLEAR","","IPCW_WEIGHT_INSTABILITY","green","ALL_CLEAR","standard_tsd14","0.1.0","none"
"G_crossing_k0.0_m0.8",39,1505804527,1000,"0.0.3","crossing",0,0.8,"gauss_copula",FALSE,FALSE,FALSE,0.609,0.391,1.6229534683097,1,8.975463,0.669936428574199,0.664056263540877,0.00588016503332189,1,0.643814330937266,0.727823731793152,0.0840094008558857,"","green",0.0516367606832468,0.0777477315034434,0.0119151445088503,"green","ALL_CLEAR","","IPCW_WEIGHT_INSTABILITY","green","ALL_CLEAR","standard_tsd14","0.1.0","none"
"G_crossing_k0.0_m0.8",40,2012756663,1000,"0.0.3","crossing",0,0.8,"gauss_copula",FALSE,FALSE,FALSE,0.632,0.368,1.53809534801228,1,8.146005,0.66277866209129,0.689351568777553,-0.0265729066862628,1,0.637274202837569,0.719259427739072,0.0819852249015037,"","green",0.0389092941967941,0.0729488910875423,0.00423463450520592,"green","ALL_CLEAR","","IPCW_WEIGHT_INSTABILITY","green","ALL_CLEAR","standard_tsd14","0.1.0","none"
"G_crossing_k0.0_m0.8",41,372225131,1000,"0.0.3","crossing",0,0.8,"gauss_copula",FALSE,FALSE,FALSE,0.592,0.408,1.40719295336147,1,9.4861845,0.675376960435886,0.648974443024786,0.0264025174111006,0,0.650358353237353,0.732101813702124,0.081743460464771,"","green",0.083399572796802,0.0674200386441161,0.00131857628799483,"green","ALL_CLEAR","","IPCW_WEIGHT_INSTABILITY","green","ALL_CLEAR","standard_tsd14","0.1.0","none"
"G_crossing_k0.0_m0.8",42,879177246,1000,"0.0.3","crossing",0,0.8,"gauss_copula",FALSE,FALSE,FALSE,0.593,0.407,3539.38326531923,1,9.021326,0.672053264697778,0.662686773039116,0.00936649165866144,1,0.6474032005148,0.727306757846367,0.0799035573315674,"","green",0.0428037161816161,0.0622251567406473,0.00102956354919244,"green","ALL_CLEAR","","IPCW_WEIGHT_INSTABILITY","green","ALL_CLEAR","standard_tsd14","0.1.0","none"
"G_crossing_k0.0_m0.8",43,1386129361,1000,"0.0.3","crossing",0,0.8,"gauss_copula",FALSE,FALSE,FALSE,0.596,0.404,7211.26990974473,1,8.918276,0.674174210288233,0.665768118246043,0.00840609204219001,1,0.649296793702685,0.731431298733631,0.0821345050309461,"","green",0.081761816547116,0.0687735460985894,0.00301733419863946,"green","ALL_CLEAR","","IPCW_WEIGHT_INSTABILITY","green","ALL_CLEAR","standard_tsd14","0.1.0","none"
"G_crossing_k0.0_m0.8",44,1893081476,1000,"0.0.3","crossing",0,0.8,"gauss_copula",FALSE,FALSE,FALSE,0.587,0.413,1.88297345445489,1,9.215434,0.681794893122668,0.65692384049825,0.0248710526244177,1,0.655427546091801,0.740277447978711,0.0848499018869101,"","green",0.0920465722529089,0.0810033380483983,0.00131201871417383,"green","ALL_CLEAR","","IPCW_WEIGHT_INSTABILITY","green","ALL_CLEAR","standard_tsd14","0.1.0","none"
"G_crossing_k0.0_m0.8",45,252549944,1000,"0.0.3","crossing",0,0.8,"gauss_copula",FALSE,FALSE,FALSE,0.587,0.413,6687.53070239507,1,8.521836,0.682657768193076,0.677765289008817,0.00489247918425817,1,0.656830811279343,0.739809992349475,0.0829791810701318,"","green",0.0335062707320478,0.0833532442361643,0.00537321375270949,"green","ALL_CLEAR","","IPCW_WEIGHT_INSTABILITY","green","ALL_CLEAR","standard_tsd14","0.1.0","none"
"G_crossing_k0.0_m0.8",46,759502059,1000,"0.0.3","crossing",0,0.8,"gauss_copula",FALSE,FALSE,FALSE,0.626,0.374,1.99665580341631,1,8.481121,0.663459387329344,0.679010391665977,-0.0155510043366325,1,0.634724173172881,0.724637872169388,0.0899136989965066,"","green",0.0407223143273983,0.085695301647389,0.0108104149369983,"green","ALL_CLEAR","","IPCW_WEIGHT_INSTABILITY","green","ALL_CLEAR","standard_tsd14","0.1.0","none"
"G_crossing_k0.0_m0.8",47,1266454174,1000,"0.0.3","crossing",0,0.8,"gauss_copula",FALSE,FALSE,FALSE,0.597,0.403,7957.5040920588,1,8.696992,0.676356979607118,0.672436521267945,0.00392045833917343,1,0.650938593277473,0.733504845915896,0.0825662526384233,"","green",0.0269729857880435,0.0808808474875033,0.00138868353564654,"green","ALL_CLEAR","","IPCW_WEIGHT_INSTABILITY","green","ALL_CLEAR","standard_tsd14","0.1.0","none"
"G_crossing_k0.0_m0.8",48,1773406289,1000,"0.0.3","crossing",0,0.8,"gauss_copula",FALSE,FALSE,FALSE,0.604,0.396,6608.12355389394,1,8.14201,0.67687673584554,0.689475855474702,-0.0125991196291615,1,0.650423796095769,0.734597067485713,0.0841732713899436,"","green",0.0152329787163875,0.079336135571384,0.00403365407583323,"green","ALL_CLEAR","","IPCW_WEIGHT_INSTABILITY","green","ALL_CLEAR","standard_tsd14","0.1.0","none"
"G_crossing_k0.0_m0.8",49,132874757,1000,"0.0.3","crossing",0,0.8,"gauss_copula",FALSE,FALSE,FALSE,0.607,0.393,7492.72035452027,1,7.500375,0.67371420638365,0.709750561622324,-0.036036355238674,1,0.644970303009221,0.733616440528348,0.0886461375191272,"","green",0.0570201305580917,0.0868906494338945,0.00230118474487312,"green","ALL_CLEAR","","IPCW_WEIGHT_INSTABILITY","green","ALL_CLEAR","standard_tsd14","0.1.0","none"
"G_crossing_k0.0_m0.8",50,639826893,1000,"0.0.3","crossing",0,0.8,"gauss_copula",FALSE,FALSE,FALSE,0.596,0.404,1.66583302693646,1,9.0518265,0.678211809032177,0.661777679727724,0.0164341293044538,1,0.655236313723534,0.732223911635084,0.0769875979115496,"","green",0.0819229807010928,0.0684841371413007,0.00218972698433971,"green","ALL_CLEAR","","IPCW_WEIGHT_INSTABILITY","green","ALL_CLEAR","standard_tsd14","0.1.0","none"
"G_crossing_k0.0_m0.8",51,1146779008,1000,"0.0.3","crossing",0,0.8,"gauss_copula",FALSE,FALSE,FALSE,0.59,0.41,9697.9177478032,1,8.4712785,0.682959413881366,0.67931174998107,0.00364766390029603,1,0.656090645921929,0.74120764236385,0.0851169964419211,"","green",0.0891800471683542,0.0889676873409641,0.00121147918706767,"green","ALL_CLEAR","","IPCW_WEIGHT_INSTABILITY","green","ALL_CLEAR","standard_tsd14","0.1.0","none"
"G_crossing_k0.0_m0.8",52,1653731123,1000,"0.0.3","crossing",0,0.8,"gauss_copula",FALSE,FALSE,FALSE,0.567,0.433,7001.56103105936,1,8.936207,0.687046438683079,0.665230860425855,0.0218155782572235,1,0.660732448945388,0.74534602504098,0.0846135760955922,"","green",0.0616865957331552,0.0788482124103728,0.00151789423868087,"green","ALL_CLEAR","","IPCW_WEIGHT_INSTABILITY","green","ALL_CLEAR","standard_tsd14","0.1.0","none"
"G_crossing_k0.0_m0.8",53,13199591,1000,"0.0.3","crossing",0,0.8,"gauss_copula",FALSE,FALSE,FALSE,0.611,0.389,1.9970079808868,1,8.173852,0.667173470530192,0.688485895463984,-0.021312424933792,1,0.640379210406278,0.725933808690786,0.0855545982845085,"","green",0.0569673066084818,0.0769808278487599,0.000729991023923545,"green","ALL_CLEAR","","IPCW_WEIGHT_INSTABILITY","green","ALL_CLEAR","standard_tsd14","0.1.0","none"
"G_crossing_k0.0_m0.8",54,520151706,1000,"0.0.3","crossing",0,0.8,"gauss_copula",FALSE,FALSE,FALSE,0.592,0.408,2.09343760217121,1,9.370976,0.679833753608118,0.652344437178899,0.0274893164292187,0,0.655371641539118,0.735604904111484,0.0802332625723661,"","green",0.0373345407033024,0.0786799906410302,0.0108661050381419,"green","ALL_CLEAR","","IPCW_WEIGHT_INSTABILITY","green","ALL_CLEAR","standard_tsd14","0.1.0","none"
"G_crossing_k0.0_m0.8",55,1027103821,1000,"0.0.3","crossing",0,0.8,"gauss_copula",FALSE,FALSE,FALSE,0.622,0.378,1.25951863671289,1,8.851234,0.666521818196307,0.667780963050057,-0.00125914485374934,1,0.642069649458098,0.722261774641249,0.0801921251831511,"","green",0.0159696135693136,0.0705141916152075,0.00171433014085417,"green","ALL_CLEAR","","IPCW_WEIGHT_INSTABILITY","green","ALL_CLEAR","standard_tsd14","0.1.0","none"
"G_crossing_k0.0_m0.8",56,1534055936,1000,"0.0.3","crossing",0,0.8,"gauss_copula",FALSE,FALSE,FALSE,0.575,0.425,1.83016487219323,1,9.030361,0.682929845046214,0.662417338610704,0.0205125064355102,1,0.655772493394894,0.741043498209039,0.085271004814145,"","green",0.0624302730928986,0.0686915088681172,0.0025357066870295,"green","ALL_CLEAR","","IPCW_WEIGHT_INSTABILITY","green","ALL_CLEAR","standard_tsd14","0.1.0","none"
"G_crossing_k0.0_m0.8",57,2041008051,1000,"0.0.3","crossing",0,0.8,"gauss_copula",FALSE,FALSE,FALSE,0.584,0.416,7408.07815803338,1,9.7055255,0.678783675844583,0.642609599741647,0.0361740761029364,0,0.654789030853423,0.734433500092348,0.0796444692389252,"","green",0.08097472369445,0.0653505757572228,0.00498963767593196,"green","ALL_CLEAR","","IPCW_WEIGHT_INSTABILITY","green","ALL_CLEAR","standard_tsd14","0.1.0","none"
"G_crossing_k0.0_m0.8",58,400476519,1000,"0.0.3","crossing",0,0.8,"gauss_copula",FALSE,FALSE,FALSE,0.622,0.378,8705.66142069264,1,9.155521,0.664290492214416,0.658696899122776,0.00559359309164009,1,0.638839377044309,0.722158165521672,0.0833187884773627,"","green",0.0221345293339147,0.0785995285788472,0.0194427682632454,"green","ALL_CLEAR","","IPCW_WEIGHT_INSTABILITY","green","ALL_CLEAR","standard_tsd14","0.1.0","none"
"G_crossing_k0.0_m0.8",59,907428634,1000,"0.0.3","crossing",0,0.8,"gauss_copula",FALSE,FALSE,FALSE,0.608,0.392,1.71890514197832,1,9.0107785,0.668739110681032,0.663001459701643,0.00573765097938894,1,0.643595878811913,0.725537500981739,0.0819416221698263,"","green",0.0096275152864069,0.0700310545820732,0.00102769237885479,"green","ALL_CLEAR","","IPCW_WEIGHT_INSTABILITY","green","ALL_CLEAR","standard_tsd14","0.1.0","none"
"G_crossing_k0.0_m0.8",60,1414380770,1000,"0.0.3","crossing",0,0.8,"gauss_copula",FALSE,FALSE,FALSE,0.611,0.389,7544.34880023825,1,8.562324,0.670876847594454,0.676529539314166,-0.00565269171971161,1,0.643366550604328,0.730398196443732,0.0870316458394038,"","green",0.0405287106255985,0.0855727409761976,0.00163958828940193,"green","ALL_CLEAR","","IPCW_WEIGHT_INSTABILITY","green","ALL_CLEAR","standard_tsd14","0.1.0","none"
"G_crossing_k0.0_m0.8",61,1921332885,1000,"0.0.3","crossing",0,0.8,"gauss_copula",FALSE,FALSE,FALSE,0.614,0.386,7665.09368164911,1,8.2473625,0.671298933207622,0.686206248524271,-0.0149073153166491,1,0.645510920802078,0.729665090501664,0.0841541696995857,"","green",0.0627156265856544,0.0780419858090401,0.00217861873868723,"green","ALL_CLEAR","","IPCW_WEIGHT_INSTABILITY","green","ALL_CLEAR","standard_tsd14","0.1.0","none"
"G_crossing_k0.0_m0.8",62,280801353,1000,"0.0.3","crossing",0,0.8,"gauss_copula",FALSE,FALSE,FALSE,0.606,0.394,1.60766297806345,1,8.8946585,0.670962623659767,0.666476463263934,0.00448616039583305,1,0.646557346245142,0.727393556982976,0.0808362107378333,"","green",0.0484188516334985,0.0608378198939328,0.00216519825045165,"green","ALL_CLEAR","","IPCW_WEIGHT_INSTABILITY","green","ALL_CLEAR","standard_tsd14","0.1.0","none"
"G_crossing_k0.0_m0.8",63,787753468,1000,"0.0.3","crossing",0,0.8,"gauss_copula",FALSE,FALSE,FALSE,0.582,0.418,9499.2835232545,1,7.910153,0.686592445778075,0.69673009834224,-0.0101376525641653,1,0.662620188513153,0.741908723981695,0.0792885354685426,"","green",0.0334785830249886,0.0786935429921738,0.00188739934263591,"green","ALL_CLEAR","","IPCW_WEIGHT_INSTABILITY","green","ALL_CLEAR","standard_tsd14","0.1.0","none"
"G_crossing_k0.0_m0.8",64,1294705583,1000,"0.0.3","crossing",0,0.8,"gauss_copula",FALSE,FALSE,FALSE,0.602,0.398,6952.26015445687,1,8.865602,0.673226446098803,0.667349038331204,0.00587740776759893,1,0.648999808439247,0.730264759147966,0.081264950708719,"","green",0.0363152306066904,0.0733746049562228,0.00126433080415925,"green","ALL_CLEAR","","IPCW_WEIGHT_INSTABILITY","green","ALL_CLEAR","standard_tsd14","0.1.0","none"
"G_crossing_k0.0_m0.8",65,1801657698,1000,"0.0.3","crossing",0,0.8,"gauss_copula",FALSE,FALSE,FALSE,0.602,0.398,7364.08178064755,1,8.1486055,0.674801042167844,0.689270678580457,-0.0144696364126135,1,0.648923348372058,0.732183080022538,0.0832597316504798,"","green",0.0623552264224898,0.0838932762904478,0.00163845051904814,"green","ALL_CLEAR","","IPCW_WEIGHT_INSTABILITY","green","ALL_CLEAR","standard_tsd14","0.1.0","none"
"G_crossing_k0.0_m0.8",66,161126166,1000,"0.0.3","crossing",0,0.8,"gauss_copula",FALSE,FALSE,FALSE,0.615,0.385,6190.96815372805,1,8.632968,0.670314566872939,0.67437912952175,-0.00406456264881128,1,0.644407323817607,0.727774263942134,0.0833669401245273,"","green",0.0226173855988281,0.0784292883860978,0.00211319351453004,"green","ALL_CLEAR","","IPCW_WEIGHT_INSTABILITY","green","ALL_CLEAR","standard_tsd14","0.1.0","none"
"G_crossing_k0.0_m0.8",67,668078281,1000,"0.0.3","crossing",0,0.8,"gauss_copula",FALSE,FALSE,FALSE,0.632,0.368,6158.6994437453,1,8.550553,0.661867486606192,0.676888558891921,-0.015021072285729,1,0.635211886804147,0.720244205747939,0.0850323189437924,"","green",0.0233862260754977,0.0736773026688987,0.00905467322101306,"green","ALL_CLEAR","","IPCW_WEIGHT_INSTABILITY","green","ALL_CLEAR","standard_tsd14","0.1.0","none"
"G_crossing_k0.0_m0.8",68,1175030396,1000,"0.0.3","crossing",0,0.8,"gauss_copula",FALSE,FALSE,FALSE,0.628,0.372,7608.57975242269,1,7.7285615,0.661345753172428,0.702468403377783,-0.0411226502053544,1,0.631557693909732,0.722851217823652,0.0912935239139208,"","green",0.0290270476802626,0.0959294951270899,0.00520666340398975,"green","ALL_CLEAR","","IPCW_WEIGHT_INSTABILITY","green","ALL_CLEAR","standard_tsd14","0.1.0","none"
"G_crossing_k0.0_m0.8",69,1681982511,1000,"0.0.3","crossing",0,0.8,"gauss_copula",FALSE,FALSE,FALSE,0.599,0.401,8323.93350649111,1,9.178521,0.674183863176784,0.658015637600435,0.0161682255763488,1,0.646320401972962,0.733837013567607,0.0875166115946452,"","green",0.0571510451271835,0.0767774208649941,0.00465303202995212,"green","ALL_CLEAR","","IPCW_WEIGHT_INSTABILITY","green","ALL_CLEAR","standard_tsd14","0.1.0","none"
"G_crossing_k0.0_m0.8",70,41451000,1000,"0.0.3","crossing",0,0.8,"gauss_copula",FALSE,FALSE,FALSE,0.604,0.396,1.82847901828961,1,8.840819,0.674153538788221,0.668094240502342,0.00605929828587959,1,0.648008139576273,0.732446716608434,0.0844385770321602,"","green",0.0222390665848387,0.0801740749451668,0.00339796733308212,"green","ALL_CLEAR","","IPCW_WEIGHT_INSTABILITY","green","ALL_CLEAR","standard_tsd14","0.1.0","none"
"G_crossing_k0.0_m0.8",71,548403115,1000,"0.0.3","crossing",0,0.8,"gauss_copula",FALSE,FALSE,FALSE,0.6,0.4,2.29585948217432,1,8.821583,0.672495237925764,0.668673260397726,0.00382197752803881,1,0.643256853612105,0.734354642595662,0.0910977889835565,"","green",0.0409150458349891,0.0868998288351258,0.000484916880982157,"green","ALL_CLEAR","","IPCW_WEIGHT_INSTABILITY","green","ALL_CLEAR","standard_tsd14","0.1.0","none"
"G_crossing_k0.0_m0.8",72,1055355230,1000,"0.0.3","crossing",0,0.8,"gauss_copula",FALSE,FALSE,FALSE,0.619,0.381,9334.19977423464,1,9.489071,0.665116034912847,0.648890247771128,0.0162257871417187,1,0.639025128935045,0.723304525786928,0.084279396851883,"","green",0.0444510124234017,0.0775022419444103,0.00742296263236508,"green","ALL_CLEAR","","IPCW_WEIGHT_INSTABILITY","green","ALL_CLEAR","standard_tsd14","0.1.0","none"
"G_crossing_k0.0_m0.8",73,1562307345,1000,"0.0.3","crossing",0,0.8,"gauss_copula",FALSE,FALSE,FALSE,0.623,0.377,1.70990854722125,1,8.478529,0.664260383209289,0.679089739879652,-0.0148293566703631,1,0.639017747092123,0.721081200891974,0.0820634537998515,"","green",0.0705292311019853,0.0760135464261324,0.00620169476226699,"green","ALL_CLEAR","","IPCW_WEIGHT_INSTABILITY","green","ALL_CLEAR","standard_tsd14","0.1.0","none"
"G_crossing_k0.0_m0.8",74,2069259460,1000,"0.0.3","crossing",0,0.8,"gauss_copula",FALSE,FALSE,FALSE,0.563,0.437,6761.53050636802,1,9.613066,0.688907515828869,0.645284446777717,0.0436230690511518,0,0.664178999900307,0.744867422595915,0.0806884226956081,"","green",0.0794474946388662,0.0633308254496156,0.00192080452420789,"green","ALL_CLEAR","","IPCW_WEIGHT_INSTABILITY","green","ALL_CLEAR","standard_tsd14","0.1.0","none"
"G_crossing_k0.0_m0.8",75,428727928,1000,"0.0.3","crossing",0,0.8,"gauss_copula",FALSE,FALSE,FALSE,0.614,0.386,1.43162030705664,1,8.0098075,0.671085408483386,0.693602240335765,-0.0225168318523791,1,0.64545995241753,0.727442036919614,0.0819820845020834,"","green",0.0187022439107797,0.073192409357533,0.000954438050050133,"green","ALL_CLEAR","","IPCW_WEIGHT_INSTABILITY","green","ALL_CLEAR","standard_tsd14","0.1.0","none"
"G_crossing_k0.0_m0.8",76,935680043,1000,"0.0.3","crossing",0,0.8,"gauss_copula",FALSE,FALSE,FALSE,0.62,0.38,4727.78392052145,1,8.732621,0.666735438543582,0.671358052589723,-0.00462261404614062,1,0.640547589551969,0.724658041856476,0.0841104523045068,"","green",0.0342770565142942,0.0675613757985886,0.00131506030741791,"green","ALL_CLEAR","","IPCW_WEIGHT_INSTABILITY","green","ALL_CLEAR","standard_tsd14","0.1.0","none"
"G_crossing_k0.0_m0.8",77,1442632158,1000,"0.0.3","crossing",0,0.8,"gauss_copula",FALSE,FALSE,FALSE,0.613,0.387,1.74563404566453,1,8.52981,0.667833957354923,0.677521721534253,-0.00968776417932971,1,0.642466206187143,0.725345164860118,0.0828789586729753,"","green",0.0586256991251775,0.0730987398190203,0.00199578713063423,"green","ALL_CLEAR","","IPCW_WEIGHT_INSTABILITY","green","ALL_CLEAR","standard_tsd14","0.1.0","none"
"G_crossing_k0.0_m0.8",78,1949584273,1000,"0.0.3","crossing",0,0.8,"gauss_copula",FALSE,FALSE,FALSE,0.617,0.383,1.35806833293412,1,8.368416,0.665886488439284,0.682469737909299,-0.0165832494700151,1,0.640556187596845,0.723690306468372,0.0831341188715269,"","green",0.0718011669467599,0.0839739462705514,0.00302438249578914,"green","ALL_CLEAR","","IPCW_WEIGHT_INSTABILITY","green","ALL_CLEAR","standard_tsd14","0.1.0","none"
"G_crossing_k0.0_m0.8",79,309052741,1000,"0.0.3","crossing",0,0.8,"gauss_copula",FALSE,FALSE,FALSE,0.611,0.389,6559.46511763191,1,8.958298,0.672693272925832,0.664569593405266,0.00812367952056559,1,0.646487886117619,0.730380797181493,0.0838929110638736,"","green",0.0491582660005049,0.0773633172926535,0.00396218364123261,"green","ALL_CLEAR","","IPCW_WEIGHT_INSTABILITY","green","ALL_CLEAR","standard_tsd14","0.1.0","none"
"G_crossing_k0.0_m0.8",80,816004877,1000,"0.0.3","crossing",0,0.8,"gauss_copula",FALSE,FALSE,FALSE,0.619,0.381,8142.91083384067,1,7.814328,0.673638864371589,0.699751929079584,-0.0261130647079949,1,0.64642879581248,0.732259265667215,0.0858304698547346,"","green",0.0821397985490458,0.0873810508625541,0.00224858551215004,"green","ALL_CLEAR","","IPCW_WEIGHT_INSTABILITY","green","ALL_CLEAR","standard_tsd14","0.1.0","none"
"G_crossing_k0.0_m0.8",81,1322956992,1000,"0.0.3","crossing",0,0.8,"gauss_copula",FALSE,FALSE,FALSE,0.616,0.384,5800.62088960906,1,8.627852,0.668876641787587,0.674534616245617,-0.00565797445803062,1,0.644356901528612,0.725384338245035,0.0810274367164235,"","green",0.0773703688736229,0.0686770167865341,0.00153579396517877,"green","ALL_CLEAR","","IPCW_WEIGHT_INSTABILITY","green","ALL_CLEAR","standard_tsd14","0.1.0","none"
"G_crossing_k0.0_m0.8",82,1829909107,1000,"0.0.3","crossing",0,0.8,"gauss_copula",FALSE,FALSE,FALSE,0.613,0.387,8501.63208324069,1,8.327726,0.668957870744403,0.683723276663802,-0.0147654059193997,1,0.642309695365692,0.728052774369234,0.0857430790035423,"","green",0.0700203415022622,0.0852259506636603,0.00569979966077701,"green","ALL_CLEAR","","IPCW_WEIGHT_INSTABILITY","green","ALL_CLEAR","standard_tsd14","0.1.0","none"
"G_crossing_k0.0_m0.8",83,189377575,1000,"0.0.3","crossing",0,0.8,"gauss_copula",FALSE,FALSE,FALSE,0.609,0.391,1.92994548576991,1,7.879087,0.6728525036042,0.697708236043952,-0.0248557324397519,1,0.645370217847927,0.732034385175955,0.0866641673280277,"","green",0.0191022556613817,0.0901688053902136,0.000919032829011648,"green","ALL_CLEAR","","IPCW_WEIGHT_INSTABILITY","green","ALL_CLEAR","standard_tsd14","0.1.0","none"
"G_crossing_k0.0_m0.8",84,696329690,1000,"0.0.3","crossing",0,0.8,"gauss_copula",FALSE,FALSE,FALSE,0.638,0.362,1.56908141947143,1,9.012519,0.656331906073869,0.662949520590315,-0.00661761451644638,1,0.630952698373682,0.713646061529208,0.0826933631555259,"","green",0.0574215878707513,0.066679765845942,0.0103215201319031,"green","ALL_CLEAR","","IPCW_WEIGHT_INSTABILITY","green","ALL_CLEAR","standard_tsd14","0.1.0","none"
"G_crossing_k0.0_m0.8",85,1203281805,1000,"0.0.3","crossing",0,0.8,"gauss_copula",FALSE,FALSE,FALSE,0.59,0.41,5864.38647170854,1,8.233173,0.683002319064842,0.686645654708653,-0.00364333564381114,1,0.659857868845578,0.737781197412793,0.0779233285672146,"","green",0.021724203649913,0.0800987578885139,0.00268739830440047,"green","ALL_CLEAR","","IPCW_WEIGHT_INSTABILITY","green","ALL_CLEAR","standard_tsd14","0.1.0","none"
"G_crossing_k0.0_m0.8",86,1710233920,1000,"0.0.3","crossing",0,0.8,"gauss_copula",FALSE,FALSE,FALSE,0.596,0.404,6765.34262530793,1,9.330425,0.675529077900956,0.653535036501901,0.0219940413990541,1,0.650637595328527,0.732819955132011,0.082182359803484,"","green",0.0688205340801099,0.0756133485786327,0.00495057491645856,"green","ALL_CLEAR","","IPCW_WEIGHT_INSTABILITY","green","ALL_CLEAR","standard_tsd14","0.1.0","none"
"G_crossing_k0.0_m0.8",87,69702388,1000,"0.0.3","crossing",0,0.8,"gauss_copula",FALSE,FALSE,FALSE,0.579,0.421,1.60786442815487,1,7.911827,0.683493721005747,0.696677432602494,-0.0131837115967469,1,0.656396242279792,0.741251430235033,0.0848551879552411,"","green",0.0520407753958061,0.0861902131843767,0.00430923795106251,"green","ALL_CLEAR","","IPCW_WEIGHT_INSTABILITY","green","ALL_CLEAR","standard_tsd14","0.1.0","none"
"G_crossing_k0.0_m0.8",88,576654503,1000,"0.0.3","crossing",0,0.8,"gauss_copula",FALSE,FALSE,FALSE,0.601,0.399,9193.98394583711,1,8.589758,0.679082821204449,0.675693579742308,0.00338924146214126,1,0.653796474916839,0.736066602340796,0.0822701274239571,"","green",0.0495438711175238,0.0750231343389043,0.00373051315457263,"green","ALL_CLEAR","","IPCW_WEIGHT_INSTABILITY","green","ALL_CLEAR","standard_tsd14","0.1.0","none"
"G_crossing_k0.0_m0.8",89,1083606618,1000,"0.0.3","crossing",0,0.8,"gauss_copula",FALSE,FALSE,FALSE,0.604,0.396,5874.38177334054,1,8.9575675,0.671239654918593,0.664591448830778,0.00664820608781502,1,0.644297861230514,0.730174388936599,0.0858765277060848,"","green",0.0322622726489271,0.0696689509295198,0.0037349333858646,"green","ALL_CLEAR","","IPCW_WEIGHT_INSTABILITY","green","ALL_CLEAR","standard_tsd14","0.1.0","none"
"G_crossing_k0.0_m0.8",90,1590558754,1000,"0.0.3","crossing",0,0.8,"gauss_copula",FALSE,FALSE,FALSE,0.608,0.392,1.81448333125376,1,8.100143,0.67606269485778,0.690779797832354,-0.0147171029745744,1,0.646943857027216,0.736206245359901,0.0892623883326847,"","green",0.0575014926582488,0.0889137136196193,0.00151094013319221,"green","ALL_CLEAR","","IPCW_WEIGHT_INSTABILITY","green","ALL_CLEAR","standard_tsd14","0.1.0","none"
"G_crossing_k0.0_m0.8",91,2097510869,1000,"0.0.3","crossing",0,0.8,"gauss_copula",FALSE,FALSE,FALSE,0.598,0.402,1.53286954996002,1,8.669962,0.678423997746126,0.673255934219753,0.00516806352637356,1,0.654673981135435,0.732767114373343,0.0780931332379072,"","green",0.0182520719885522,0.0699568232039316,0.00617991904546111,"green","ALL_CLEAR","","IPCW_WEIGHT_INSTABILITY","green","ALL_CLEAR","standard_tsd14","0.1.0","none"
"G_crossing_k0.0_m0.8",92,456979337,1000,"0.0.3","crossing",0,0.8,"gauss_copula",FALSE,FALSE,FALSE,0.606,0.394,1.49925604027158,1,8.483254,0.674037954150572,0.678945102104858,-0.00490714795428604,1,0.650711841197997,0.728179140521085,0.0774672993230882,"","green",0.0156277411156499,0.0676385713272251,0.00262695485203928,"green","ALL_CLEAR","","IPCW_WEIGHT_INSTABILITY","green","ALL_CLEAR","standard_tsd14","0.1.0","none"
"G_crossing_k0.0_m0.8",93,963931452,1000,"0.0.3","crossing",0,0.8,"gauss_copula",FALSE,FALSE,FALSE,0.591,0.409,4788.16104930767,1,9.619616,0.677972259335556,0.645094565905083,0.0328776934304724,0,0.654876257533855,0.732916589925329,0.0780403323914745,"","green",0.0275245100532865,0.0690714405723626,0.0113312635352568,"green","ALL_CLEAR","","IPCW_WEIGHT_INSTABILITY","green","ALL_CLEAR","standard_tsd14","0.1.0","none"
"G_crossing_k0.0_m0.8",94,1470883567,1000,"0.0.3","crossing",0,0.8,"gauss_copula",FALSE,FALSE,FALSE,0.607,0.393,6534.61175083928,1,8.331504,0.674077028290672,0.683606784435946,-0.00952975614527407,1,0.647460647173532,0.731537967892348,0.084077320718816,"","green",0.0167197464613814,0.0788534599438934,0.00169563983259572,"green","ALL_CLEAR","","IPCW_WEIGHT_INSTABILITY","green","ALL_CLEAR","standard_tsd14","0.1.0","none"
"G_crossing_k0.0_m0.8",95,1977835682,1000,"0.0.3","crossing",0,0.8,"gauss_copula",FALSE,FALSE,FALSE,0.592,0.408,1.34268029096683,1,9.3314555,0.677502987936316,0.653504751816466,0.0239982361198502,0,0.654881616125711,0.731246889591718,0.0763652734660074,"","green",0.0372632562560025,0.0666525432644745,0.0141332003353724,"green","ALL_CLEAR","","IPCW_WEIGHT_INSTABILITY","green","ALL_CLEAR","standard_tsd14","0.1.0","none"
"G_crossing_k0.0_m0.8",96,337304150,1000,"0.0.3","crossing",0,0.8,"gauss_copula",FALSE,FALSE,FALSE,0.609,0.391,7695.20258179274,1,8.581336,0.669478362467667,0.675950094987591,-0.00647173251992395,1,0.643609916306315,0.727066485309865,0.0834565690035495,"","green",0.0132083775884762,0.0718195400122726,0.000739959484477874,"green","ALL_CLEAR","","IPCW_WEIGHT_INSTABILITY","green","ALL_CLEAR","standard_tsd14","0.1.0","none"
"G_crossing_k0.0_m0.8",97,844256265,1000,"0.0.3","crossing",0,0.8,"gauss_copula",FALSE,FALSE,FALSE,0.615,0.385,1.99855365999663,1,8.38269,0.667504262664277,0.682030578227818,-0.0145263155635417,1,0.639163140885064,0.72801422601313,0.0888510851280657,"","green",0.0797087642498953,0.086702411829757,0.00545361531459479,"green","ALL_CLEAR","","IPCW_WEIGHT_INSTABILITY","green","ALL_CLEAR","standard_tsd14","0.1.0","none"
"G_crossing_k0.0_m0.8",98,1351208380,1000,"0.0.3","crossing",0,0.8,"gauss_copula",FALSE,FALSE,FALSE,0.604,0.396,8912.79435495923,1,8.080233,0.677420532690145,0.691400813412513,-0.0139802807223679,1,0.652695573535667,0.733220241393912,0.0805246678582456,"","green",0.0801543023826951,0.0785598019136625,0.00178755378484781,"green","ALL_CLEAR","","IPCW_WEIGHT_INSTABILITY","green","ALL_CLEAR","standard_tsd14","0.1.0","none"
"G_crossing_k0.0_m0.8",99,1858160495,1000,"0.0.3","crossing",0,0.8,"gauss_copula",FALSE,FALSE,FALSE,0.614,0.386,1.2938196730786,1,8.9742655,0.665637988531362,0.664092061805678,0.0015459267256841,1,0.64032853149759,0.722911828599624,0.082583297102034,"","green",0.0807221671581658,0.0687169261641228,0.0042263488516861,"green","ALL_CLEAR","","IPCW_WEIGHT_INSTABILITY","green","ALL_CLEAR","standard_tsd14","0.1.0","none"
"G_crossing_k0.0_m0.8",100,2013602655,1000,"0.0.3","crossing",0,0.8,"gauss_copula",FALSE,FALSE,FALSE,0.613,0.387,1.57100608512193,1,8.660267,0.667102586272914,0.673550096687105,-0.00644751041419134,1,0.640126057055301,0.725499258280073,0.0853732012247713,"","green",0.0698910079026206,0.0764441675278772,0.00550440085959156,"green","ALL_CLEAR","","IPCW_WEIGHT_INSTABILITY","green","ALL_CLEAR","standard_tsd14","0.1.0","none"
"G_crossing_k0.0_m0.8",101,373071123,1000,"0.0.3","crossing",0,0.8,"gauss_copula",FALSE,FALSE,FALSE,0.601,0.399,1.85012257104048,1,8.995324,0.676049712180713,0.663462835145445,0.012586877035268,1,0.650745928019109,0.733466935498685,0.0827210074795764,"","green",0.0114820455960871,0.0825011289762479,0.0054962329587442,"green","ALL_CLEAR","","IPCW_WEIGHT_INSTABILITY","green","ALL_CLEAR","standard_tsd14","0.1.0","none"
"G_crossing_k0.0_m0.8",102,880023238,1000,"0.0.3","crossing",0,0.8,"gauss_copula",FALSE,FALSE,FALSE,0.593,0.407,1.85139519467629,1,9.157904,0.674556107722354,0.658626279628945,0.0159298280934094,1,0.648637800702629,0.732583391728877,0.0839455910262479,"","green",0.0524443993832839,0.0724240668631964,0.00370933791957605,"green","ALL_CLEAR","","IPCW_WEIGHT_INSTABILITY","green","ALL_CLEAR","standard_tsd14","0.1.0","none"
"G_crossing_k0.0_m0.8",103,1386975353,1000,"0.0.3","crossing",0,0.8,"gauss_copula",FALSE,FALSE,FALSE,0.595,0.405,8475.03209109443,1,8.649331,0.672198561709041,0.673882077469556,-0.00168351576051495,1,0.643979666971793,0.732815470689137,0.0888358037173446,"","green",0.075726637595767,0.0879826449028478,0.00535849386251767,"green","ALL_CLEAR","","IPCW_WEIGHT_INSTABILITY","green","ALL_CLEAR","standard_tsd14","0.1.0","none"
"G_crossing_k0.0_m0.8",104,1893927468,1000,"0.0.3","crossing",0,0.8,"gauss_copula",FALSE,FALSE,FALSE,0.584,0.416,8887.63987880972,1,8.8451255,0.686192060991708,0.667964684381405,0.018227376610303,1,0.66187258079286,0.742214337394095,0.0803417566012352,"","green",0.0767142330004023,0.0803099502256361,0.00163870118561352,"green","ALL_CLEAR","","IPCW_WEIGHT_INSTABILITY","green","ALL_CLEAR","standard_tsd14","0.1.0","none"
"G_crossing_k0.0_m0.8",105,253395936,1000,"0.0.3","crossing",0,0.8,"gauss_copula",FALSE,FALSE,FALSE,0.609,0.391,1.79730669222603,1,9.409261,0.67091496841661,0.651222489138729,0.0196924792778808,1,0.643359967318276,0.730931266857683,0.0875712995394071,"","green",0.0223086054161826,0.0756793361218076,0.002411731487636,"green","ALL_CLEAR","","IPCW_WEIGHT_INSTABILITY","green","ALL_CLEAR","standard_tsd14","0.1.0","none"
"G_crossing_k0.0_m0.8",106,760348051,1000,"0.0.3","crossing",0,0.8,"gauss_copula",FALSE,FALSE,FALSE,0.62,0.38,8238.45658948449,1,8.3544875,0.665412207877698,0.682898558121413,-0.0174863502437149,1,0.639462399087827,0.72363980020569,0.0841774011178626,"","green",0.0507666960863593,0.0807755583653216,0.00223701036494139,"green","ALL_CLEAR","","IPCW_WEIGHT_INSTABILITY","green","ALL_CLEAR","standard_tsd14","0.1.0","none"
"G_crossing_k0.0_m0.8",107,1267300166,1000,"0.0.3","crossing",0,0.8,"gauss_copula",FALSE,FALSE,FALSE,0.605,0.395,6913.90451754226,1,8.772115,0.668040889540897,0.670164745175701,-0.00212385563480455,1,0.642258342853244,0.72551348766029,0.0832551448070461,"","green",0.0215235034677341,0.078528039458278,0.00238573458411994,"green","ALL_CLEAR","","IPCW_WEIGHT_INSTABILITY","green","ALL_CLEAR","standard_tsd14","0.1.0","none"
"G_crossing_k0.0_m0.8",108,1774252281,1000,"0.0.3","crossing",0,0.8,"gauss_copula",FALSE,FALSE,FALSE,0.576,0.424,7683.59706217598,1,8.808912,0.685391032828763,0.669054960217354,0.0163360726114086,1,0.659592695052462,0.742747352867013,0.0831546578145509,"","green",0.0222039802139422,0.0817064313384595,0.000791117942767625,"green","ALL_CLEAR","","IPCW_WEIGHT_INSTABILITY","green","ALL_CLEAR","standard_tsd14","0.1.0","none"
"G_crossing_k0.0_m0.8",109,133720749,1000,"0.0.3","crossing",0,0.8,"gauss_copula",FALSE,FALSE,FALSE,0.623,0.377,1.85066769383313,1,8.926343,0.663717688000569,0.66552635348508,-0.0018086654845112,1,0.638764573296575,0.720445306856954,0.0816807335603785,"","green",0.0799032104105502,0.0644040926712273,0.00106108540708741,"green","ALL_CLEAR","","IPCW_WEIGHT_INSTABILITY","green","ALL_CLEAR","standard_tsd14","0.1.0","none"
"G_crossing_k0.0_m0.8",110,640672885,1000,"0.0.3","crossing",0,0.8,"gauss_copula",FALSE,FALSE,FALSE,0.596,0.404,1.82397518061722,1,8.8304665,0.675481897387106,0.668405793127183,0.00707610425992278,1,0.652929208307576,0.730108219786197,0.0771790114786204,"","green",0.052045672640173,0.0762073454645917,0.0135023329194152,"green","ALL_CLEAR","","IPCW_WEIGHT_INSTABILITY","green","ALL_CLEAR","standard_tsd14","0.1.0","none"
"G_crossing_k0.0_m0.8",111,1147625000,1000,"0.0.3","crossing",0,0.8,"gauss_copula",FALSE,FALSE,FALSE,0.608,0.392,1.37439026850227,1,8.0642575,0.676115074722243,0.691899537378337,-0.0157844626560939,1,0.65172604865646,0.731526473847557,0.0798004251910961,"","green",0.102149987400527,0.071201691755582,0.000795971180974481,"yellow","EXTRAP_INSTABILITY","EXTRAP_INSTABILITY","IPCW_WEIGHT_INSTABILITY","yellow","EXTRAP_INSTABILITY","structural_mixture_psa","0.1.0","none"
"G_crossing_k0.0_m0.8",112,1654577115,1000,"0.0.3","crossing",0,0.8,"gauss_copula",FALSE,FALSE,FALSE,0.598,0.402,5056.94054332447,1,8.2453425,0.677856569578501,0.686268783570029,-0.00841221399152714,1,0.651382988606062,0.735909953143583,0.0845269645375212,"","green",0.0709671430459955,0.0826163113546547,0.00345051970485958,"green","ALL_CLEAR","","IPCW_WEIGHT_INSTABILITY","green","ALL_CLEAR","standard_tsd14","0.1.0","none"
"G_crossing_k0.0_m0.8",113,14045583,1000,"0.0.3","crossing",0,0.8,"gauss_copula",FALSE,FALSE,FALSE,0.612,0.388,5709.12108425718,1,8.712194,0.666828250119104,0.671976140231314,-0.00514789011221028,1,0.639388828251773,0.72607822393637,0.0866893956845968,"","green",0.0267828310420298,0.0754878445166242,0.00116557827092444,"green","ALL_CLEAR","","IPCW_WEIGHT_INSTABILITY","green","ALL_CLEAR","standard_tsd14","0.1.0","none"
"G_crossing_k0.0_m0.8",114,520997698,1000,"0.0.3","crossing",0,0.8,"gauss_copula",FALSE,FALSE,FALSE,0.59,0.41,7110.60940291411,1,9.4903645,0.677414660064401,0.648852521922395,0.028562138142006,0,0.65345754405701,0.733012648496465,0.0795551044394548,"","green",0.0338388564494707,0.0673299032153242,0.00269264896648519,"green","ALL_CLEAR","","IPCW_WEIGHT_INSTABILITY","green","ALL_CLEAR","standard_tsd14","0.1.0","none"
"G_crossing_k0.0_m0.8",115,1027949813,1000,"0.0.3","crossing",0,0.8,"gauss_copula",FALSE,FALSE,FALSE,0.603,0.397,8668.67192549331,1,8.636684,0.675207904471457,0.674266215874205,0.0009416885972513,1,0.648238035113645,0.733607836814678,0.0853698017010333,"","green",0.0759263852172518,0.0720519092791145,0.00413784518019358,"green","ALL_CLEAR","","IPCW_WEIGHT_INSTABILITY","green","ALL_CLEAR","standard_tsd14","0.1.0","none"
"G_crossing_k0.0_m0.8",116,1534901928,1000,"0.0.3","crossing",0,0.8,"gauss_copula",FALSE,FALSE,FALSE,0.596,0.404,6403.09941951066,1,8.929422,0.679958316488685,0.665434101746354,0.0145242147423313,1,0.654862307452576,0.736270820114016,0.0814085126614406,"","green",0.0821809018183548,0.0729114148325406,0.00196124778348983,"green","ALL_CLEAR","","IPCW_WEIGHT_INSTABILITY","green","ALL_CLEAR","standard_tsd14","0.1.0","none"
"G_crossing_k0.0_m0.8",117,2041854043,1000,"0.0.3","crossing",0,0.8,"gauss_copula",FALSE,FALSE,FALSE,0.609,0.391,6890.57579065881,1,8.526936,0.671353226555009,0.677609497710309,-0.00625627115530025,1,0.646512653075295,0.728256935099773,0.081744282024478,"","green",0.0283091798038615,0.0756379988556858,0.00890378092182205,"green","ALL_CLEAR","","IPCW_WEIGHT_INSTABILITY","green","ALL_CLEAR","standard_tsd14","0.1.0","none"
"G_crossing_k0.0_m0.8",118,401322511,1000,"0.0.3","crossing",0,0.8,"gauss_copula",FALSE,FALSE,FALSE,0.59,0.41,1.69783974477106,1,7.7903965,0.683192251863395,0.700508782236811,-0.0173165303734156,1,0.658481510601081,0.738506460921788,0.0800249503207069,"","green",0.0361432716473253,0.080245714538889,0.00248412747794211,"green","ALL_CLEAR","","IPCW_WEIGHT_INSTABILITY","green","ALL_CLEAR","standard_tsd14","0.1.0","none"
"G_crossing_k0.0_m0.8",119,908274626,1000,"0.0.3","crossing",0,0.8,"gauss_copula",FALSE,FALSE,FALSE,0.626,0.374,1.56120394858692,1,9.049017,0.661459797927709,0.661861363689558,-0.000401565761849021,1,0.632404590248642,0.72179481251214,0.0893902222634986,"","green",0.011707495017156,0.0713902126516556,0.000862224559538267,"green","ALL_CLEAR","","IPCW_WEIGHT_INSTABILITY","green","ALL_CLEAR","standard_tsd14","0.1.0","none"
"G_crossing_k0.0_m0.8",120,1415226762,1000,"0.0.3","crossing",0,0.8,"gauss_copula",FALSE,FALSE,FALSE,0.627,0.373,1.98324836706568,1,8.247483,0.669129141215406,0.686202518283899,-0.0170733770684928,1,0.641772485700082,0.728009125179237,0.0862366394791548,"","green",0.0448327463910161,0.0849181505514108,0.00141325057408512,"green","ALL_CLEAR","","IPCW_WEIGHT_INSTABILITY","green","ALL_CLEAR","standard_tsd14","0.1.0","none"
"G_crossing_k0.0_m0.8",121,1922178877,1000,"0.0.3","crossing",0,0.8,"gauss_copula",FALSE,FALSE,FALSE,0.576,0.424,5294.1863367938,1,10.5130035,0.678656051195848,0.619745229479625,0.0589108217162239,0,0.654674335124175,0.733512682612408,0.0788383474882333,"","green",0.0739543036589124,0.0567365050417829,0.0034264341150023,"green","ALL_CLEAR","","IPCW_WEIGHT_INSTABILITY","green","ALL_CLEAR","standard_tsd14","0.1.0","none"
"G_crossing_k0.0_m0.8",122,281647345,1000,"0.0.3","crossing",0,0.8,"gauss_copula",FALSE,FALSE,FALSE,0.578,0.422,8878.69006613803,1,8.178085,0.687151960777589,0.688354406562081,-0.00120244578449158,1,0.661673208356687,0.743854261251804,0.0821810528951176,"","green",0.0709716536927504,0.0833502609965763,0.00239086944008109,"green","ALL_CLEAR","","IPCW_WEIGHT_INSTABILITY","green","ALL_CLEAR","standard_tsd14","0.1.0","none"
"G_crossing_k0.0_m0.8",123,788599460,1000,"0.0.3","crossing",0,0.8,"gauss_copula",FALSE,FALSE,FALSE,0.576,0.424,10347.8194339208,1,8.083115,0.689044522985049,0.691310883759019,-0.00226636077397013,1,0.662928867764875,0.746473997248907,0.0835451294840325,"","green",0.0188842202499257,0.0909428110265409,0.00210549136127912,"green","ALL_CLEAR","","IPCW_WEIGHT_INSTABILITY","green","ALL_CLEAR","standard_tsd14","0.1.0","none"
"G_crossing_k0.0_m0.8",124,1295551575,1000,"0.0.3","crossing",0,0.8,"gauss_copula",FALSE,FALSE,FALSE,0.597,0.403,4898.77337686993,1,8.681414,0.672598490841996,0.6729086377083,-0.000310146866303485,1,0.646805554924966,0.730311683092516,0.0835061281675499,"","green",0.0992963807749533,0.0656917507341612,0.00194314311558213,"green","ALL_CLEAR","","IPCW_WEIGHT_INSTABILITY","green","ALL_CLEAR","standard_tsd14","0.1.0","none"
"G_crossing_k0.0_m0.8",125,1802503690,1000,"0.0.3","crossing",0,0.8,"gauss_copula",FALSE,FALSE,FALSE,0.596,0.404,6223.51915614954,1,8.119131,0.678547717398302,0.690188093858072,-0.0116403764597701,1,0.651831968863531,0.736141547637486,0.0843095787739543,"","green",0.0132235337048779,0.0776660235902103,0.00306511714784133,"green","ALL_CLEAR","","IPCW_WEIGHT_INSTABILITY","green","ALL_CLEAR","standard_tsd14","0.1.0","none"
